<?xml version="1.0" encoding="UTF-8" ?>
<XMLDB PATH="course/format/adaptive/db" VERSION="2010041300" COMMENT="XMLDB file for Moodle format/adaptive"
    xmlns:xsi="http://www.w3.org/2001/XMLSchema-instance"
    xsi:noNamespaceSchemaLocation="../../../../lib/xmldb/xmldb.xsd"
>
  <TABLES>
    <TABLE NAME="adaptive_log_lsplan" COMMENT="Default comment for testLS, please edit me" NEXT="adaptive_course_pers">
      <FIELDS>
        <FIELD NAME="id" TYPE="int" LENGTH="10" NOTNULL="true" UNSIGNED="true" SEQUENCE="true" ENUM="false" NEXT="course"/>
        <FIELD NAME="course" TYPE="int" LENGTH="10" NOTNULL="true" UNSIGNED="true" DEFAULT="0" SEQUENCE="false" ENUM="false" PREVIOUS="id" NEXT="userid"/>
        <FIELD NAME="userid" TYPE="int" LENGTH="10" NOTNULL="true" UNSIGNED="true" SEQUENCE="false" ENUM="false" PREVIOUS="course" NEXT="cmid"/>
	<FIELD NAME="cmid" TYPE="int" LENGTH="10" NOTNULL="true" UNSIGNED="true" SEQUENCE="false" ENUM="false" PREVIOUS="userid" NEXT="section"/>
	<FIELD NAME="section" TYPE="int" LENGTH="10" NOTNULL="true" UNSIGNED="true" SEQUENCE="false" ENUM="false" PREVIOUS="cmid" NEXT="ln_type"/>
	<FIELD NAME="ln_type" TYPE="text" NOTNULL="true" SEQUENCE="false" ENUM="false" PREVIOUS="section" NEXT="time"/>
	<FIELD NAME="time" TYPE="int" LENGTH="10" NOTNULL="true" UNSIGNED="true" SEQUENCE="false" ENUM="false" PREVIOUS="ln_type"/>
      </FIELDS>
      <KEYS>
        <KEY NAME="primary" TYPE="primary" FIELDS="id" />
      </KEYS>
      <INDEXES>
        <INDEX NAME="adaptive_log_lsplan_ix" UNIQUE="false" FIELDS="cmid"/>
      </INDEXES>
    </TABLE>

	<TABLE NAME="adaptive_goal" COMMENT="" PREVIOUS="adaptive_log_lsplan" NEXT="adaptive_course_pers">
      <FIELDS>
        <FIELD NAME="id" TYPE="int" LENGTH="10" NOTNULL="true" UNSIGNED="true" SEQUENCE="true" ENUM="false" NEXT="userid"/>
        <FIELD NAME="studentid" TYPE="int" LENGTH="10" NOTNULL="true" UNSIGNED="true" SEQUENCE="false" ENUM="false" PREVIOUS="id" NEXT="course"/>
        <FIELD NAME="course" TYPE="int" LENGTH="10" NOTNULL="true" SEQUENCE="false" ENUM="false" PREVIOUS="userid" NEXT="ak"/>
	<FIELD NAME="ak" TYPE="char" LENGTH="255" NOTNULL="true" SEQUENCE="false" ENUM="false" PREVIOUS="course" NEXT="rk"/>
	<FIELD NAME="rk" TYPE="char" LENGTH="255" NOTNULL="true" SEQUENCE="false" ENUM="false" PREVIOUS="ak"/>
      </FIELDS>
      <KEYS>
        <KEY NAME="primary" TYPE="primary" FIELDS="id"/>
      </KEYS>
      <INDEXES>
        <INDEX NAME="adaptive_goal_ix" UNIQUE="false" FIELDS="studentid,course"/>
      </INDEXES>
    </TABLE>

    <TABLE NAME="adaptive_course_pers" COMMENT="" PREVIOUS="adaptive_goal" NEXT="adaptive_questions_ki">
      <FIELDS>
        <FIELD NAME="id" TYPE="int" LENGTH="10" NOTNULL="true" UNSIGNED="true" SEQUENCE="true" ENUM="false" NEXT="userid"/>
        <FIELD NAME="userid" TYPE="int" LENGTH="10" NOTNULL="true" UNSIGNED="true" SEQUENCE="false" ENUM="false" PREVIOUS="id" NEXT="course"/>
        <FIELD NAME="course" TYPE="int" LENGTH="10" NOTNULL="true" SEQUENCE="false" ENUM="false" PREVIOUS="userid" NEXT="los"/>
        <FIELD NAME="los" TYPE="text" NOTNULL="true" SEQUENCE="false" ENUM="false" PREVIOUS="course"/>
      </FIELDS>
      <KEYS>
        <KEY NAME="primary" TYPE="primary" FIELDS="id"/>
      </KEYS>
      <INDEXES>
        <INDEX NAME="adaptive_course_ix" UNIQUE="false" FIELDS="userid,course"/>
      </INDEXES>
    </TABLE>
     <TABLE NAME="adaptive_questions_ki" COMMENT="" PREVIOUS="adaptive_course_pers">
      <FIELDS>
        <FIELD NAME="id" TYPE="int" LENGTH="10" NOTNULL="true" UNSIGNED="true" SEQUENCE="true" ENUM="false" NEXT="id_question"/>
        <FIELD NAME="id_question" TYPE="int" LENGTH="10" NOTNULL="true" UNSIGNED="true" SEQUENCE="false" ENUM="false" PREVIOUS="id" NEXT="section"/>
        <FIELD NAME="section" TYPE="int" LENGTH="5" NOTNULL="true" UNSIGNED="true" SEQUENCE="false" ENUM="false" PREVIOUS="id_question" NEXT="id_course"/>
        <FIELD NAME="id_course" TYPE="int" LENGTH="5" NOTNULL="true" UNSIGNED="true" SEQUENCE="false" ENUM="false" PREVIOUS="section"/>       
      </FIELDS>
      <KEYS>
        <KEY NAME="primary" TYPE="primary" FIELDS="id"/>
      </KEYS>
    </TABLE>


<TABLE NAME="teacherassistent_attivita" COMMENT="" PREVIOUS="adaptive_questions_ki" NEXT="teacherassistant_domain">
<FIELDS>
<FIELD NAME="id" TYPE="int" LENGTH="10" NOTNULL="true" UNSIGNED="true" SEQUENCE="true" ENUM="false" NEXT="section"/>
<FIELD NAME="section" TYPE="int" LENGTH="10" NOTNULL="true" UNSIGNED="true" SEQUENCE="false" ENUM="false" PREVIOUS="id" NEXT="type_activity"/>
<FIELD NAME="type_activity" TYPE="text" LENGTH="big" NOTNULL="true" UNSIGNED="true" SEQUENCE="false" ENUM="false" PREVIOUS="section" NEXT="id_cm"/>
<FIELD NAME="id_cm" TYPE="int" LENGTH="10" NOTNULL="true" UNSIGNED="true" SEQUENCE="false" ENUM="false" PREVIOUS="type_activity" NEXT="id_course"/>
<FIELD NAME="id_course" TYPE="int" LENGTH="5" NOTNULL="true" UNSIGNED="true" SEQUENCE="false" ENUM="false" PREVIOUS="id_cm"/>
</FIELDS>
<KEYS>
<KEY NAME="primary" TYPE="primary" FIELDS="id"/>
</KEYS>
</TABLE>
<TABLE NAME="teacherassistant_domain" COMMENT="" PREVIOUS="teacherassistent_attivita" NEXT="learningnodes">
<FIELDS>
<FIELD NAME="id" TYPE="int" LENGTH="10" NOTNULL="true" UNSIGNED="true" SEQUENCE="true" ENUM="false" NEXT="section"/>
<FIELD NAME="section" TYPE="int" LENGTH="10" NOTNULL="true" UNSIGNED="true" SEQUENCE="false" ENUM="false" PREVIOUS="id" NEXT="id_course"/>
<FIELD NAME="id_course" TYPE="int" LENGTH="5" NOTNULL="true" UNSIGNED="true" SEQUENCE="false" ENUM="false" PREVIOUS="section" NEXT="ak"/>
<FIELD NAME="ak" TYPE="char" LENGTH="255" NOTNULL="true" SEQUENCE="false" ENUM="false" PREVIOUS="id_course" NEXT="aklevels"/>
<FIELD NAME="aklevels" TYPE="char" LENGTH="100" NOTNULL="true" SEQUENCE="false" ENUM="false" PREVIOUS="ak" NEXT="rk"/>
<FIELD NAME="rk" TYPE="char" LENGTH="255" NOTNULL="true" SEQUENCE="false" ENUM="false" PREVIOUS="aklevels" NEXT="rklevels"/>
<FIELD NAME="rklevels" TYPE="char" LENGTH="100" NOTNULL="true" SEQUENCE="false" ENUM="false" PREVIOUS="rk"/>
</FIELDS>
<KEYS>
<KEY NAME="primary" TYPE="primary" FIELDS="id"/>
</KEYS>
</TABLE>

<TABLE NAME="learningnodes" COMMENT="" PREVIOUS="teacherassistant_domain" NEXT="learningobjectssequences">
<FIELDS>
<FIELD NAME="id" TYPE="int" LENGTH="10" NOTNULL="true" UNSIGNED="true" SEQUENCE="true" ENUM="false" NEXT="corso"/>
<FIELD NAME="corso" TYPE="int" LENGTH="10" NOTNULL="true" UNSIGNED="true" SEQUENCE="false" ENUM="false" PREVIOUS="id" NEXT="rk"/>
<FIELD NAME="rk" TYPE="char" LENGTH="255" NOTNULL="true" SEQUENCE="false" ENUM="false" PREVIOUS="corso" NEXT="levelrk"/>
<FIELD NAME="levelrk" TYPE="char" LENGTH="255" NOTNULL="true" SEQUENCE="false" ENUM="false" PREVIOUS="rk" NEXT="ak"/>
<FIELD NAME="ak" TYPE="char" LENGTH="255" NOTNULL="true" SEQUENCE="false" ENUM="false" PREVIOUS="levelrk" NEXT="levelak"/>
<FIELD NAME="levelak" TYPE="char" LENGTH="255" NOTNULL="true" SEQUENCE="false" ENUM="false" PREVIOUS="ak" NEXT="activereflective"/>
<FIELD NAME="activereflective" TYPE="int" LENGTH="10" NOTNULL="true" UNSIGNED="true" SEQUENCE="false" ENUM="false" PREVIOUS="levelak" NEXT="sensingintuitive"/>
<FIELD NAME="sensingintuitive" TYPE="int" LENGTH="10" NOTNULL="true" UNSIGNED="true" SEQUENCE="false" ENUM="false" PREVIOUS="activereflective" NEXT="visualverbal"/>
<FIELD NAME="visualverbal" TYPE="int" LENGTH="10" NOTNULL="true" UNSIGNED="true" SEQUENCE="false" ENUM="false" PREVIOUS="sensingintuitive" NEXT="sequentialglobal"/>
<FIELD NAME="sequentialglobal" TYPE="int" LENGTH="10" NOTNULL="true" UNSIGNED="true" SEQUENCE="false" ENUM="false" PREVIOUS="visualverbal" NEXT="minimumpossiblescore"/>
<FIELD NAME="minimumpossiblescore" TYPE="int" LENGTH="10" NOTNULL="true" UNSIGNED="true" SEQUENCE="false" ENUM="false" PREVIOUS="sequentialglobal" NEXT="maximumpossiblescore"/>
<FIELD NAME="maximumpossiblescore" TYPE="int" LENGTH="10" NOTNULL="true" UNSIGNED="true" SEQUENCE="false" ENUM="false" PREVIOUS="minimumpossiblescore" NEXT="minimumscore"/>
<FIELD NAME="minimumscore" TYPE="int" LENGTH="10" NOTNULL="true" UNSIGNED="true" SEQUENCE="false" ENUM="false" PREVIOUS="maximumpossiblescore" NEXT="minimumtime"/>
<FIELD NAME="minimumtime" TYPE="int" LENGTH="10" NOTNULL="true" UNSIGNED="true" SEQUENCE="false" ENUM="false" PREVIOUS="minimumscore" NEXT="maximumtime"/>
<FIELD NAME="maximumtime" TYPE="int" LENGTH="10" NOTNULL="true" UNSIGNED="true" SEQUENCE="false" ENUM="false" PREVIOUS="minimumtime" NEXT="existsposttest"/>
<FIELD NAME="existsposttest" TYPE="char" LENGTH="255" NOTNULL="true" SEQUENCE="false" ENUM="false" PREVIOUS="maximumtime"/>
</FIELDS>
<KEYS>
<KEY NAME="primary" TYPE="primary" FIELDS="id"/>
</KEYS>
</TABLE>

<TABLE NAME="learningobjectssequences" COMMENT="" PREVIOUS="learningnodes" NEXT="log_">
<FIELDS>
<FIELD NAME="id" TYPE="int" LENGTH="10" NOTNULL="true" UNSIGNED="true" SEQUENCE="true" ENUM="false" NEXT="los"/>
<FIELD NAME="los" TYPE="char" LENGTH="255" NOTNULL="true" SEQUENCE="false" ENUM="false" PREVIOUS="id" NEXT="idstudente"/>
<FIELD NAME="idstudente" TYPE="int" LENGTH="10" NOTNULL="true" UNSIGNED="true" SEQUENCE="false" ENUM="false" PREVIOUS="los" NEXT="complete"/>
<FIELD NAME="complete" TYPE="int" LENGTH="10" NOTNULL="true" UNSIGNED="true" SEQUENCE="false" ENUM="false" PREVIOUS="idstudente" NEXT="corso"/>
<FIELD NAME="corso" TYPE="char" LENGTH="255" NOTNULL="true" SEQUENCE="false" ENUM="false" PREVIOUS="complete" NEXT="recommended"/>
<FIELD NAME="recommended" TYPE="char" LENGTH="255" NOTNULL="true" SEQUENCE="false" ENUM="false" PREVIOUS="corso"/>
</FIELDS>
<KEYS>
<KEY NAME="primary" TYPE="primary" FIELDS="id"/>
</KEYS>
</TABLE>


<TABLE NAME="log_" COMMENT="" PREVIOUS="learningobjectssequences" NEXT="log_modello_studente">
<FIELDS>
<FIELD NAME="id" TYPE="int" LENGTH="10" NOTNULL="true" UNSIGNED="true" SEQUENCE="true" ENUM="false" NEXT="idstudente"/>
<FIELD NAME="idstudente" TYPE="int" LENGTH="10" NOTNULL="true" UNSIGNED="true" SEQUENCE="false" ENUM="false" PREVIOUS="id" NEXT="ls1old"/>
<FIELD NAME="ls1old" TYPE="int" LENGTH="10" NOTNULL="true" UNSIGNED="true" SEQUENCE="false" ENUM="false" PREVIOUS="idstudente" NEXT="ls2old"/>
<FIELD NAME="ls2old" TYPE="int" LENGTH="10" NOTNULL="true" UNSIGNED="true" SEQUENCE="false" ENUM="false" PREVIOUS="ls1old" NEXT="ls3old"/>
<FIELD NAME="ls3old" TYPE="int" LENGTH="10" NOTNULL="true" UNSIGNED="true" SEQUENCE="false" ENUM="false" PREVIOUS="ls2old" NEXT="ls4old"/>
<FIELD NAME="ls4old" TYPE="int" LENGTH="10" NOTNULL="true" UNSIGNED="true" SEQUENCE="false" ENUM="false" PREVIOUS="ls3old" NEXT="cognitivestateold"/>
<FIELD NAME="cognitivestateold" TYPE="char" LENGTH="255" NOTNULL="true" SEQUENCE="false" ENUM="false" PREVIOUS="ls4old" NEXT="levelold"/>
<FIELD NAME="levelold" TYPE="char" LENGTH="255" NOTNULL="true" SEQUENCE="false" ENUM="false" PREVIOUS="cognitivestateold" NEXT="visitednodesold"/>
<FIELD NAME="visitednodesold" TYPE="char" LENGTH="255" NOTNULL="true" SEQUENCE="false" ENUM="false" PREVIOUS="levelold" NEXT="goalold"/>
<FIELD NAME="goalold" TYPE="char" LENGTH="255" NOTNULL="true" SEQUENCE="false" ENUM="false" PREVIOUS="visitednodesold" NEXT="goallevold"/>
<FIELD NAME="goallevold" TYPE="int" LENGTH="10" NOTNULL="true" UNSIGNED="true" SEQUENCE="false" ENUM="false" PREVIOUS="goalold" NEXT="loscompleteold"/>
<FIELD NAME="loscompleteold" TYPE="char" LENGTH="255" NOTNULL="true" SEQUENCE="false" ENUM="false" PREVIOUS="goallevold" NEXT="recommendedoncompleteold"/>
<FIELD NAME="recommendedoncompleteold" TYPE="char" LENGTH="255" NOTNULL="true" SEQUENCE="false" ENUM="false" PREVIOUS="loscompleteold" NEXT="losrecommendedold"/>
<FIELD NAME="losrecommendedold" TYPE="char" LENGTH="255" NOTNULL="true" SEQUENCE="false" ENUM="false" PREVIOUS="recommendedoncompleteold" NEXT="corso"/>
<FIELD NAME="corso" TYPE="char" LENGTH="255" NOTNULL="true" SEQUENCE="false" ENUM="false" PREVIOUS="losrecommendedold" NEXT="idnodo"/>
<FIELD NAME="idnodo" TYPE="int" LENGTH="10" NOTNULL="true" UNSIGNED="true" SEQUENCE="false" ENUM="false" PREVIOUS="corso" NEXT="score"/>
<FIELD NAME="score" TYPE="int" LENGTH="10" NOTNULL="true" UNSIGNED="true" SEQUENCE="false" ENUM="false" PREVIOUS="idnodo" NEXT="fruitiontime"/>
<FIELD NAME="fruitiontime" TYPE="int" LENGTH="10" NOTNULL="true" DEFAULT="0" SEQUENCE="false" PREVIOUS="score" NEXT="ls1"/>
<FIELD NAME="ls1" TYPE="int" LENGTH="10" NOTNULL="true" UNSIGNED="true" SEQUENCE="false" ENUM="false" PREVIOUS="fruitiontime" NEXT="ls2"/>
<FIELD NAME="ls2" TYPE="int" LENGTH="10" NOTNULL="true" UNSIGNED="true" SEQUENCE="false" ENUM="false" PREVIOUS="ls1" NEXT="ls3"/>
<FIELD NAME="ls3" TYPE="int" LENGTH="10" NOTNULL="true" UNSIGNED="true" SEQUENCE="false" ENUM="false" PREVIOUS="ls2" NEXT="ls4"/>
<FIELD NAME="ls4" TYPE="int" LENGTH="10" NOTNULL="true" UNSIGNED="true" SEQUENCE="false" ENUM="false" PREVIOUS="ls3" NEXT="cognitivestate"/>
<FIELD NAME="cognitivestate" TYPE="char" LENGTH="255" NOTNULL="true" SEQUENCE="false" ENUM="false" PREVIOUS="ls4" NEXT="level"/>
<FIELD NAME="level" TYPE="char" LENGTH="255" NOTNULL="true" SEQUENCE="false" ENUM="false" PREVIOUS="cognitivestate" NEXT="visited"/>
<FIELD NAME="visited" TYPE="char" LENGTH="255" NOTNULL="true" SEQUENCE="false" ENUM="false" PREVIOUS="level" NEXT="goal"/>
<FIELD NAME="goal" TYPE="char" LENGTH="255" NOTNULL="true" SEQUENCE="false" ENUM="false" PREVIOUS="visitednodes" NEXT="goallev"/>
<FIELD NAME="goallev" TYPE="int" LENGTH="10" NOTNULL="true" UNSIGNED="true" SEQUENCE="false" ENUM="false" PREVIOUS="goal" NEXT="loscomplete"/>
<FIELD NAME="loscomplete" TYPE="char" LENGTH="255" NOTNULL="true" SEQUENCE="false" ENUM="false" PREVIOUS="goallev" NEXT="recommendedoncomplete"/>
<FIELD NAME="recommendedoncomplete" TYPE="char" LENGTH="255" NOTNULL="true" SEQUENCE="false" ENUM="false" PREVIOUS="loscomplete" NEXT="losrecommended"/>
<FIELD NAME="losrecommended" TYPE="char" LENGTH="255" NOTNULL="true" SEQUENCE="false" ENUM="false" PREVIOUS="recommendedoncomplete"/>
</FIELDS>
<KEYS>
<KEY NAME="primary" TYPE="primary" FIELDS="id"/>
</KEYS>
</TABLE>

<TABLE NAME="log_modello_studente" COMMENT="" PREVIOUS="log_" NEXT="studentmodels">
<FIELDS>
<FIELD NAME="id" TYPE="int" LENGTH="10" NOTNULL="true" UNSIGNED="true" SEQUENCE="true" ENUM="false" NEXT="userid"/>
<FIELD NAME="userid" TYPE="int" LENGTH="10" NOTNULL="true" UNSIGNED="true" SEQUENCE="false" ENUM="false" PREVIOUS="id" NEXT="nome"/>
<FIELD NAME="nome" TYPE="char" LENGTH="255" NOTNULL="true" SEQUENCE="false" ENUM="false" PREVIOUS="userid" NEXT="cognome"/>
<FIELD NAME="cognome" TYPE="char" LENGTH="255" NOTNULL="true" SEQUENCE="false" ENUM="false" PREVIOUS="nome" NEXT="courseid"/>
<FIELD NAME="courseid" TYPE="int" LENGTH="10" NOTNULL="true" UNSIGNED="true" SEQUENCE="false" ENUM="cognome" PREVIOUS="id" NEXT="studentmodelid"/>
<FIELD NAME="studentmodelid" TYPE="int" LENGTH="10" NOTNULL="true" UNSIGNED="true" SEQUENCE="false" ENUM="cognome" PREVIOUS="courseid" NEXT="ls1"/>
<FIELD NAME="ls1" TYPE="int" LENGTH="10" NOTNULL="true" UNSIGNED="true" SEQUENCE="false" ENUM="false" PREVIOUS="studentmodelid" NEXT="ls2"/>
<FIELD NAME="ls2" TYPE="int" LENGTH="10" NOTNULL="true" UNSIGNED="true" SEQUENCE="false" ENUM="false" PREVIOUS="ls1" NEXT="ls3"/>
<FIELD NAME="ls3" TYPE="int" LENGTH="10" NOTNULL="true" UNSIGNED="true" SEQUENCE="false" ENUM="false" PREVIOUS="ls2" NEXT="ls4"/>
<FIELD NAME="ls4" TYPE="int" LENGTH="10" NOTNULL="true" UNSIGNED="true" SEQUENCE="false" ENUM="false" PREVIOUS="ls3" NEXT="stringacs"/>
<FIELD NAME="stringacs" TYPE="char" LENGTH="255" NOTNULL="true" SEQUENCE="false" ENUM="false" PREVIOUS="ls4" NEXT="stringagoal"/>
<FIELD NAME="stringagoal" TYPE="char" LENGTH="255" NOTNULL="true" SEQUENCE="false" ENUM="false" PREVIOUS="stringacs" NEXT="stringavn"/>
<FIELD NAME="stringavn" TYPE="char" LENGTH="255" NOTNULL="true" SEQUENCE="false" ENUM="false" PREVIOUS="stringagoal" NEXT="feedback"/>
<FIELD NAME="feedback" TYPE="char" LENGTH="255" NOTNULL="true" SEQUENCE="false" ENUM="false" PREVIOUS="stringavn" />
</FIELDS>
<KEYS>
<KEY NAME="primary" TYPE="primary" FIELDS="id"/>
</KEYS>
</TABLE>


<TABLE NAME="studentmodels" COMMENT="" PREVIOUS="log_modello_studente">
<FIELDS>
<FIELD NAME="id" TYPE="int" LENGTH="10" NOTNULL="true" UNSIGNED="true" SEQUENCE="true" ENUM="false" NEXT="idstudente"/>
<FIELD NAME="idstudente" TYPE="int" LENGTH="10" NOTNULL="true" UNSIGNED="true" SEQUENCE="false" ENUM="false" PREVIOUS="id" NEXT="corso"/>
<FIELD NAME="corso" TYPE="int" LENGTH="10" NOTNULL="true" UNSIGNED="true" SEQUENCE="false" ENUM="false" PREVIOUS="idstudente" NEXT="activereflective"/>
<FIELD NAME="activereflective" TYPE="int" LENGTH="10" NOTNULL="true" UNSIGNED="true" SEQUENCE="false" ENUM="false" PREVIOUS="corso" NEXT="sensingintuitive"/>
<FIELD NAME="sensingintuitive" TYPE="int" LENGTH="10" NOTNULL="true" UNSIGNED="true" SEQUENCE="false" ENUM="false" PREVIOUS="activereflective" NEXT="visualverbal"/>
<FIELD NAME="visualverbal" TYPE="int" LENGTH="10" NOTNULL="true" UNSIGNED="true" SEQUENCE="false" ENUM="false" PREVIOUS="sensingintuitive" NEXT="sequentialglobal"/>
<FIELD NAME="sequentialglobal" TYPE="int" LENGTH="10" NOTNULL="true" UNSIGNED="true" SEQUENCE="false" ENUM="false" PREVIOUS="visualverbal" NEXT="cognitivestate"/>
<FIELD NAME="cognitivestate" TYPE="char" LENGTH="255" NOTNULL="true" SEQUENCE="false" ENUM="false" PREVIOUS="sequentialglobal" NEXT="level"/>
<FIELD NAME="level" TYPE="char" LENGTH="255" NOTNULL="true" SEQUENCE="false" ENUM="false" PREVIOUS="cognitivestate" NEXT="percentuale"/>
<FIELD NAME="percentuale" TYPE="int" LENGTH="10" NOTNULL="true" UNSIGNED="true" SEQUENCE="false" ENUM="false" PREVIOUS="level" NEXT="visitednodes"/>
<FIELD NAME="visitednodes" TYPE="char" LENGTH="255" NOTNULL="true" SEQUENCE="false" ENUM="false" PREVIOUS="percentuale" />
</FIELDS>
<KEYS>
<KEY NAME="primary" TYPE="primary" FIELDS="id"/>
</KEYS>
</TABLE>



  </TABLES>
</XMLDB>
